{"cameraMode":{"drawMode":0,"name":"Shaded","section":"Shading Mode"},"sceneLighting":false,"audioPlay":false,"sceneViewState":{"showFog":true,"showMaterialUpdate":false,"showSkybox":false,"showFlares":true,"showImageEffects":true,"showParticleSystems":true},"in2DMode":false,"pivot":{"x":-0.5627637505531311,"y":0.6226933002471924,"z":-1.0970463752746583},"rotation":{"x":-0.023929044604301454,"y":0.9728494882583618,"z":-0.11761114001274109,"w":-0.19791433215141297},"size":1.8198528289794922,"orthographic":false}