{"cameraMode":{"drawMode":0,"name":"Shaded","section":"Shading Mode"},"sceneLighting":true,"audioPlay":false,"sceneViewState":{"showFog":true,"showMaterialUpdate":false,"showSkybox":true,"showFlares":true,"showImageEffects":true,"showParticleSystems":true},"in2DMode":false,"pivot":{"x":-10.288968086242676,"y":-1.6792677640914918,"z":-11.5357027053833},"rotation":{"x":-0.34294238686561587,"y":0.07793236523866654,"z":-0.028563043102622033,"w":-0.9356876611709595},"size":4.281627655029297,"orthographic":false}