{"cameraMode":{"drawMode":0,"name":"Shaded","section":"Shading Mode"},"sceneLighting":false,"audioPlay":false,"sceneViewState":{"showFog":true,"showMaterialUpdate":false,"showSkybox":false,"showFlares":true,"showImageEffects":true,"showParticleSystems":true},"in2DMode":false,"pivot":{"x":9.032959938049317,"y":0.8289379477500916,"z":-0.6184860467910767},"rotation":{"x":-0.09319840371608734,"y":-0.7091524004936218,"z":0.0954609140753746,"w":-0.6923263072967529},"size":2.4751765727996828,"orthographic":false}