{"cameraMode":{"drawMode":0,"name":"Shaded","section":"Shading Mode"},"sceneLighting":false,"audioPlay":false,"sceneViewState":{"showFog":true,"showMaterialUpdate":false,"showSkybox":false,"showFlares":true,"showImageEffects":true,"showParticleSystems":true},"in2DMode":false,"pivot":{"x":-0.022719621658325197,"y":1.3197135925292969,"z":0.36969590187072756},"rotation":{"x":0.005904304329305887,"y":0.9904438853263855,"z":-0.13030415773391725,"w":0.044899411499500278},"size":2.5806941986083986,"orthographic":false}