{"cameraMode":{"drawMode":0,"name":"Shaded","section":"Shading Mode"},"sceneLighting":true,"audioPlay":false,"sceneViewState":{"showFog":true,"showMaterialUpdate":false,"showSkybox":true,"showFlares":true,"showImageEffects":true,"showParticleSystems":true},"in2DMode":false,"pivot":{"x":-10.724376678466797,"y":-2.154003143310547,"z":-6.642914295196533},"rotation":{"x":-0.3735078275203705,"y":0.48605620861053469,"z":-0.24130670726299287,"w":-0.7523449659347534},"size":12.461819648742676,"orthographic":false}