{"cameraMode":{"drawMode":0,"name":"Shaded","section":"Shading Mode"},"sceneLighting":true,"audioPlay":false,"sceneViewState":{"showFog":true,"showMaterialUpdate":false,"showSkybox":true,"showFlares":true,"showImageEffects":true,"showParticleSystems":true},"in2DMode":false,"pivot":{"x":-5.73946475982666,"y":1.4146194458007813,"z":-7.393617630004883},"rotation":{"x":-0.3004518151283264,"y":0.41300034523010256,"z":-0.14646963775157929,"w":-0.8471813797950745},"size":10.460646629333496,"orthographic":false}